Designator,Mid X,Mid Y,Rotation,Layer
C1,140.55,-108.35,270.0,top
C11,141.4,-106.099999,180.0,top
C13,143.1875,-106.0775,0.0,top
C3,141.9,-112.0,180.0,top
C4,140.549999,-110.1,270.0,top
C6,144.5,-106.75,270.0,top
C8,145.65,-111.1375,0.0,top
C9,141.4,-107.0,180.0,top
J1,148.0,-108.999999,0.0,top
J2,144.0,-109.0,90.0,bottom
R1,146.35,-107.5,0.0,top
R2,145.9,-106.55,0.0,top
U1,142.9,-109.649999,270.0,top
U3,146.1,-109.4,90.0,top
U4,143.1275,-107.0525,0.0,top
